year,income,Subregion,avg_gov_share,avg_voluntary_prepaid_share,avg_oop_share,avg_other_private_share,avg_external_share
2000,Low,Eastern Africa,29.291256972857145,1.8364103733333315,46.83197157571427,5.879012058178571,17.263552402857112
2000,Low,Middle Africa,38.6475200649999,0.40842683999999996,52.247198104999995,1.218639642000197,7.478215334999995
2000,Low,Northern Africa,33.8259429899999,1.55993438,61.82265854,,
2000,Low,Southern Africa,46.926942825,2.0685270999999994,27.82207869999995,0.0,23.182453629999994
2000,Low,Western Africa,16.85803377749996,1.52443925,62.25555181374996,2.2625288359597215,16.680253476249987
2000,Lower-middle,Eastern Africa,25.694934607499924,1.8436819,52.47625350999995,2.3504890054464314,17.634641527499976
2000,Lower-middle,Middle Africa,28.969787916666665,0.4657681933333333,58.3382568333333,2.0796584685643467,10.1465285633333
2000,Lower-middle,Northern Africa,31.77937436,6.083051939999998,58.2015113825,2.9399388631184866,1.6169742899999966
2000,Lower-middle,Southern Africa,50.67246150999993,3.472986359999993,32.76739930999997,13.670254389444935,3.702708689999995
2000,Lower-middle,Western Africa,32.822583061428546,2.2094282279999957,53.526035309999976,1.2567071318626375,8.362443549999997
2000,Upper-middle,Eastern Africa,82.11167908,,17.88831902,,0.0
2000,Upper-middle,Middle Africa,39.70202255499996,3.84647834,52.66390037499995,0.789782643318176,2.9978160899999953
2000,Upper-middle,Northern Africa,60.336160660000004,0.818098129999999,38.54281234499995,1.37176883220672,0.0260935
2000,Upper-middle,Southern Africa,49.83342266249997,24.577506407499975,18.916859744999996,1.1934073418378797,5.478803855000001
2001,Low,Eastern Africa,28.44332538285713,1.3705665533333296,45.44824927285715,4.903942108154292,20.73027488285714
2001,Low,Middle Africa,36.34404945499995,0.9636738,56.18190574999995,1.2771047055721239,5.23326623
2001,Low,Northern Africa,33.33333206,1.60818708,62.2807006799999,,
2001,Low,Southern Africa,43.71904563999995,2.1257245499999993,22.617375375,0.0,31.5378561
2001,Low,Western Africa,17.219035802499963,1.522379501428571,59.84011495124996,2.529737338423725,18.462220429999984
2001,Lower-middle,Eastern Africa,25.298451664999945,1.7811385824999997,54.152873039999946,2.375634178519247,16.391902804999972
2001,Lower-middle,Middle Africa,33.78178659999997,0.4780564266666667,54.836864469999966,2.0138116081555655,8.889480906666668
2001,Lower-middle,Northern Africa,31.9859075525,5.931342464999997,58.41340446499995,2.8382089138030966,1.4765473433333334
2001,Lower-middle,Southern Africa,46.76003074499995,4.41477818333333,32.538317202499975,9.968740781148247,7.3855324674999725
2001,Lower-middle,Western Africa,34.50165591999998,2.4734543759999976,51.44446808999995,1.24283233359456,8.950566394285698
2001,Upper-middle,Eastern Africa,82.6480941799999,,17.09648132,,0.25542524
2001,Upper-middle,Middle Africa,34.81350612499995,3.6932208249999996,52.574245454999996,0.765510648488998,8.15351695
2001,Upper-middle,Northern Africa,65.34953879999995,0.84755743,33.598233225,1.21061778068542,0.023140345
2001,Upper-middle,Southern Africa,49.33690261999995,25.44907859,18.5190351025,1.5690169930458047,5.1259667
2002,Low,Eastern Africa,28.431653569999984,1.5497795833333317,44.95277867999995,4.987249801556255,21.01244245571427
2002,Low,Middle Africa,31.348939895,1.076735915,57.16660880999994,1.3736815452575635,9.03403389499995
2002,Low,Northern Africa,34.20050812,1.58629440999999,61.421318049999996,,
2002,Low,Southern Africa,36.52444076499995,1.743868859999995,21.48617172,1.429999997526465e-06,40.245517735
2002,Low,Western Africa,17.33632922124996,1.4894084942857138,56.769635914999974,2.5321477729071327,21.531398716249974
2002,Lower-middle,Eastern Africa,26.502837657499924,1.6814057799999975,51.059918402499974,2.2796686616694615,18.476169464999973
2002,Lower-middle,Middle Africa,29.096073149999967,0.50771396,57.838361103333334,2.17310551802317,10.384746313333267
2002,Lower-middle,Northern Africa,33.66727018499998,5.558598472499974,56.95080184999993,2.6387075583140045,1.93678507
2002,Lower-middle,Southern Africa,42.43262577,4.77626524333333,31.28049802499995,9.077194849650057,13.969696105
2002,Lower-middle,Western Africa,31.283947128571413,2.681289737999998,51.8397554671428,1.2804842792451376,11.649345839999999
2002,Upper-middle,Eastern Africa,86.68162537,,12.48222733,,0.836144799999999
2002,Upper-middle,Middle Africa,24.247967719999952,4.020665794999999,68.25829697,0.576170772314071,2.8968987449999997
2002,Upper-middle,Northern Africa,71.094715115,0.954343739999999,27.80706215,1.19759631156921,0.02225268
2002,Upper-middle,Southern Africa,50.107169149999926,25.164171922499975,18.378448845,1.4427315592765786,4.90747851
2003,Low,Eastern Africa,30.285754202857113,1.3093741133333314,41.24857248571429,4.620381991068519,23.383025441428554
2003,Low,Middle Africa,34.19550800499995,1.59750119,48.240680695,1.079135507345197,14.8871746099999
2003,Low,Northern Africa,32.46046829,1.38306212,62.56050873,2.12069463729858,1.47526622
2003,Low,Southern Africa,35.77416801499995,1.46040088,16.64298009999995,2.1820059420074345,43.940444944999996
2003,Low,Western Africa,17.019109366249975,1.49708157,57.27204775874998,2.482575237282584,21.380635618749974
2003,Lower-middle,Eastern Africa,25.95003080249995,1.6482005424999995,48.199492455,2.999317884445189,21.20295834499995
2003,Lower-middle,Middle Africa,33.63736025666663,0.46469826999999936,54.95769882333326,1.9918948213259338,8.948347806666632
2003,Lower-middle,Northern Africa,31.733359334999975,5.396282769999997,57.724170685,2.32199454307556,2.8241926724999975
2003,Lower-middle,Southern Africa,42.54920720999998,4.6793511799999665,31.113464594999954,8.477636496225971,16.46958812999997
2003,Lower-middle,Western Africa,32.463222367142826,2.2156964839999995,54.03143446714283,1.052646823227404,9.997063261428556
2003,Upper-middle,Eastern Africa,85.29311371,,13.69384193,,1.01304066
2003,Upper-middle,Middle Africa,30.38400841,3.721458824999999,62.99461555499995,0.640366524457931,2.25955069
2003,Upper-middle,Northern Africa,71.46953201499994,0.980768019999999,27.4518861749999,1.12616753578186,0.02511400499999995
2003,Upper-middle,Southern Africa,51.16884613,23.228645205,18.255098939999975,1.3586536645889247,5.9887560675
2004,Low,Eastern Africa,26.74174479142854,1.2465150966666665,38.698895862857114,3.259110649426774,30.697394505714215
2004,Low,Middle Africa,35.22697067499995,1.4913508299999996,52.07242393499995,0.9443657994270285,10.264888764999998
2004,Low,Northern Africa,37.8501396199999,1.26050424999999,57.1778716999999,2.31092405319213,1.40056026
2004,Low,Southern Africa,26.42568111,1.87173557,12.653117179999999,2.864999885332505e-06,59.049463275
2004,Low,Western Africa,18.469232081249963,1.4849973942857138,55.575958848749984,1.9917691605431653,22.120239794999975
2004,Lower-middle,Eastern Africa,28.150541542499976,1.6352847224999998,48.41536807999995,1.9810380786657296,19.817768097499975
2004,Lower-middle,Middle Africa,29.9870382966666,0.5280815899999967,54.926497143333336,1.9444848497708607,12.613898116666663
2004,Lower-middle,Northern Africa,31.649086477499974,5.20813179999997,58.48341369749995,2.2699134945869375,2.389454499999995
2004,Lower-middle,Southern Africa,42.000027179999975,4.924554326666667,31.026484964999973,8.179701169331864,17.145296332499996
2004,Lower-middle,Western Africa,32.53089537,2.4255020219999976,53.00356646999995,1.076751561462879,10.863781621428572
2004,Upper-middle,Eastern Africa,81.70999146,,15.64156914,,2.64843535
2004,Upper-middle,Middle Africa,31.35268211499995,3.723116425,61.79157829499995,0.7387581765651694,2.39386499
2004,Upper-middle,Northern Africa,68.56999587999995,1.44542754,30.153917315,1.05994176864624,0.02340215999999995
2004,Upper-middle,Southern Africa,50.612945554999996,23.258069857499976,17.4682838925,1.2266050279140441,7.43409566
2005,Low,Eastern Africa,23.26113653285713,1.3331170483333314,40.07947131428566,3.0396412809689792,32.9113137385714
2005,Low,Middle Africa,27.013698575,1.548876615,53.97112464999995,1.1251927912235231,16.34110737
2005,Low,Northern Africa,39.070961,1.31091475,54.63094711,2.30835127830505,2.67882586
2005,Low,Southern Africa,29.15954971,2.279315234999995,10.70914602499995,3.100000071754035e-06,57.85198592999995
2005,Low,Western Africa,17.91806983875,1.5321893471428556,53.57102096124995,1.8117219550268973,24.805613337499974
2005,Lower-middle,Eastern Africa,27.7879321575,1.6280245249999972,47.613256455,1.9494836573699068,21.021303177499973
2005,Lower-middle,Middle Africa,30.34807141666663,0.51318658,53.23751830999993,1.8991065422693836,14.002117156666634
2005,Lower-middle,Northern Africa,33.1002044675,5.098875507499997,58.37230872999997,1.6323602795600824,1.79625102
2005,Lower-middle,Southern Africa,40.52039241749995,4.686868406666666,29.015705587499973,7.60811789830525,21.24266230999995
2005,Lower-middle,Western Africa,34.865617207142826,3.03597557,49.57449422857142,1.1040177151560762,11.671262467142855
2005,Upper-middle,Eastern Africa,81.42430878,,17.86114693,,0.71454191
2005,Upper-middle,Middle Africa,32.15912818499995,3.8190836949999993,59.81312179499995,0.771500706672668,3.437165615
2005,Upper-middle,Northern Africa,66.97207642000001,1.3746568,31.72016524999995,1.16148483753204,0.03968749
2005,Upper-middle,Southern Africa,47.77221965749995,21.6538905175,18.79220008749997,1.127923667430874,10.653766064999974
2006,Low,Eastern Africa,20.19720288571424,1.93170278333333,40.206389838571376,2.9988815188407876,35.332285472857116
2006,Low,Middle Africa,24.458813665,1.637846175,57.603967664999956,1.318965733051298,14.98040676
2006,Low,Northern Africa,36.3806762699999,1.08288217,55.78925323,2.2074134349823,4.53977488999999
2006,Low,Southern Africa,24.083176615,2.1689183699999943,10.83552599,2.7789981415203817,60.1333808899999
2006,Low,Western Africa,17.76187288625,1.493879578571427,51.992972253749976,1.76888048648834,26.634871007499974
2006,Lower-middle,Eastern Africa,26.72560215,1.4032090824999994,43.903707025,1.8547000661492337,26.112782359999976
2006,Lower-middle,Middle Africa,19.18425130999996,0.5185832166666666,54.314806619999935,2.42725253105163,23.555106319999997
2006,Lower-middle,Northern Africa,35.45515870999995,1.9791703099999975,57.50013065249995,3.8954639285802735,1.1700764525
2006,Lower-middle,Southern Africa,44.551462172499924,4.76339578333333,24.69725870999995,7.689088185628253,21.411915779999976
2006,Lower-middle,Western Africa,33.22668075428568,3.0426150679999977,51.33173506714281,1.149088391661643,11.573483839999998
2006,Upper-middle,Eastern Africa,79.4893569899999,,19.8162956199999,,0.69434422
2006,Upper-middle,Middle Africa,35.55817795,3.73972486,56.185920715,0.756106972694397,3.7600694900000002
2006,Upper-middle,Northern Africa,66.910640715,1.24352002,31.874173164999952,1.12011611461639,0.033367775
2006,Upper-middle,Southern Africa,48.4314451225,21.28995150249995,19.346963047499997,1.023333162069318,9.908307162499975
2007,Low,Eastern Africa,23.21822690857143,1.8985713616666648,40.81498159571426,3.553684930006659,31.293429509999957
2007,Low,Middle Africa,25.489629745000002,1.9158240850000001,57.313045505,1.2485323846340144,14.032968284999944
2007,Low,Northern Africa,36.19216156,0.89890951,58.00177002,2.22516655921936,2.68199228999999
2007,Low,Southern Africa,22.17361974499995,1.976942715,11.867361070000001,3.333062171936035,60.64901542499995
2007,Low,Western Africa,17.40816700374995,1.6911428357142857,49.222626923749985,1.994874782834948,29.437045453749988
2007,Lower-middle,Eastern Africa,26.5673000825,1.7284104599999996,44.229415894999974,1.9553978642651537,25.51947569999995
2007,Lower-middle,Middle Africa,23.1942990633333,0.5480512533333333,53.352493286666636,2.64571050802866,20.259445826666667
2007,Lower-middle,Northern Africa,36.17111253749992,1.7305042125,56.41939735249998,3.6520745456218497,2.02691132
2007,Lower-middle,Southern Africa,50.52556991499993,5.147432879999993,22.350869894999924,7.14220094680786,17.90633404249997
2007,Lower-middle,Western Africa,32.762692725714246,3.1138522979999976,52.373639242857124,1.2686555027961706,10.806613579999972
2007,Upper-middle,Eastern Africa,80.22377014,,19.23576736,,0.54046214
2007,Upper-middle,Middle Africa,36.91856766,3.61969605,54.40442466499999,0.7679720818996425,4.289339545000001
2007,Upper-middle,Northern Africa,68.15841292999995,1.07214952,30.76522254999995,0.985397696495056,0.04759066499999995
2007,Upper-middle,Southern Africa,48.37040042999995,21.034480975,19.43260169,0.9278774857521017,10.234639419999976
2008,Low,Eastern Africa,19.825563568571415,1.9595445483333334,37.910830225714285,3.269622067610419,37.78146362142856
2008,Low,Middle Africa,20.310781479999953,2.1107142850000002,63.39420128,1.3883921205997425,12.795910834999944
2008,Low,Northern Africa,31.93631744,0.74840117,62.40304947,2.43570446968078,2.47652745
2008,Low,Southern Africa,25.79218578499995,2.167624769999995,10.78682804,3.53176188468933,57.7215995799999
2008,Low,Western Africa,17.070755957499976,1.7853285099999974,48.51376437999996,1.9090127447604341,30.482310535
2008,Lower-middle,Eastern Africa,31.493199587499973,1.9884451649999972,44.4896545399999,2.0643469077556325,19.9643538
2008,Lower-middle,Middle Africa,28.209976196666634,0.5675900599999996,47.44286219,2.9569355845451333,20.822635966666667
2008,Lower-middle,Northern Africa,37.29144334749995,1.5481982224999973,55.492549894999954,3.6352863162755757,2.032522305
2008,Lower-middle,Southern Africa,51.72725772999998,4.562946716666663,18.6556344025,6.298321088155103,21.471157132499926
2008,Lower-middle,Western Africa,31.8077926642857,3.23749975,51.48778206999999,1.303664433956143,12.505613191428568
2008,Upper-middle,Eastern Africa,68.35558319,,31.15786171,,0.48655072
2008,Upper-middle,Middle Africa,38.26213645499995,3.828948019999995,54.32363700999995,0.7465600967407224,2.8387184149999998
2008,Upper-middle,Northern Africa,69.8267898549999,0.92872608,29.206318855,0.892235934734344,0.05640998999999995
2008,Upper-middle,Southern Africa,47.658280374999975,20.402001935,20.727344034999977,0.8079851865768407,10.404388454999975
2009,Low,Eastern Africa,19.535535132857145,1.880622704999998,37.15934276428568,3.742778003215785,38.48506437142853
2009,Low,Middle Africa,18.240744109999948,2.26146868,56.428478240000004,1.3326713740825644,21.73663759
2009,Low,Northern Africa,41.11616135,0.72235817,52.4758224499999,2.02726340293884,3.65839458
2009,Low,Southern Africa,21.60325909,2.337527154999995,9.73668622999995,2.6652609062671218,63.65726661499995
2009,Low,Western Africa,18.193438291249976,2.094971268571427,48.61586308499999,2.0268987709712825,28.804590344999987
2009,Lower-middle,Eastern Africa,29.229993822499946,2.1049345949999974,44.19404792499995,2.1470636808536456,22.323959947499997
2009,Lower-middle,Middle Africa,23.095404306666634,0.600746063333333,51.51287969333327,2.938322365283961,21.852647463333298
2009,Lower-middle,Northern Africa,37.743235589999976,1.4161224824999976,55.05540084749995,3.404501914978021,2.3807391225
2009,Lower-middle,Southern Africa,51.403022764999974,5.0096456,15.08563876,5.463540395100907,25.65644842249995
2009,Lower-middle,Western Africa,32.61805234714284,3.0043801539999997,50.22996221428569,3.1670186787843617,11.995524132857128
2009,Upper-middle,Eastern Africa,69.47577667,,29.79195404,,0.42943376
2009,Upper-middle,Middle Africa,40.899206164999995,3.63636735,51.42791557499995,0.6418830454349516,3.394627869999995
2009,Upper-middle,Northern Africa,69.83843231,0.90609759,29.275069234999997,0.708828270435333,0.07903622999999996
2009,Upper-middle,Southern Africa,45.66756725249995,23.7941822825,19.916197182499968,1.874737769365308,8.747315527499971
2010,Low,Eastern Africa,21.02584075999997,1.8680901033333317,34.40208720999997,4.129590560992555,39.43120316142853
2010,Low,Middle Africa,18.57488441499995,2.3098827,63.55240440499995,1.1349186301231364,14.42790985
2010,Low,Northern Africa,32.54711533,0.75153196,61.3134460399999,2.37021684646606,3.01768994
2010,Low,Southern Africa,22.754528999999998,2.84251231,9.019921065,2.399999914359795e-07,65.38303947499995
2010,Low,Western Africa,19.096759317499963,1.88960012428571,46.23674535749995,1.9411213397979716,30.608132184999963
2010,Lower-middle,Eastern Africa,29.889680147499977,2.2093003524999997,42.2488937375,2.1797708435782934,23.472354890000002
2010,Lower-middle,Middle Africa,30.860644339999933,0.49604150666666663,47.95724041999997,2.5891496737798,18.096924146666634
2010,Lower-middle,Northern Africa,37.140930652499975,1.34755008,55.74568843749993,3.7131752073764726,2.05265554
2010,Lower-middle,Southern Africa,45.82240371599996,6.5992616275,20.38477497199996,4.572507381439195,24.85540647399996
2010,Lower-middle,Western Africa,29.931766238571385,2.9757095819999995,51.01459284999994,3.37939414978027,13.90578276571427
2010,Upper-middle,Eastern Africa,70.56751251,,22.1536598199999,,2.30605983999999
2010,Upper-middle,Middle Africa,50.382490159999904,4.546745764999999,41.78370571,0.85638782382011,2.43067056
2010,Upper-middle,Northern Africa,69.71014403999996,0.86715692,29.4280395499999,0.740065813064575,0.05820375
2010,Upper-middle,Southern Africa,49.74768257,22.73598892749995,18.450068592499996,2.1455298513174044,6.920730054999973
2011,Low,Eastern Africa,21.00872176142853,2.095012156666665,31.2986736285714,4.252722660700477,42.251688821428516
2011,Low,Middle Africa,16.195836545,2.335332185,59.6770572699999,0.9755012691020926,20.81627273499995
2011,Low,Northern Africa,22.84302902,0.66433865,65.9313507099999,2.64032077789306,7.9209609
2011,Low,Southern Africa,23.580356600000002,3.297770795,7.840590955,1.610000026630585e-06,65.28128051499999
2011,Low,Western Africa,19.116728185,1.8606169385714255,44.79461145249997,2.2020222970417547,32.00712299124997
2011,Lower-middle,Eastern Africa,34.463522912499975,2.646041422499997,36.79833841249997,1.8873150198373003,24.204782247499974
2011,Lower-middle,Middle Africa,30.905242599999934,0.36446744999999964,44.844718296666635,2.113544940948483,21.772026696666668
2011,Lower-middle,Northern Africa,38.563162802499974,1.2482165849999975,53.67355155999995,4.527450770139678,1.987618384999995
2011,Lower-middle,Southern Africa,45.643632887999956,7.8122775499999495,19.338648416,4.3496252298355085,25.288196515999935
2011,Lower-middle,Western Africa,30.449837277142827,2.904976869999998,49.72725649999999,3.397448159754263,14.805999755714284
2011,Upper-middle,Eastern Africa,69.19358063,,23.17224884,,7.57723044999999
2011,Upper-middle,Middle Africa,50.19101334,3.59221667,42.228335380000004,1.5315799117088296,2.4568547
2011,Upper-middle,Northern Africa,66.95567702999995,0.765223029999999,32.27087593,0.724178493022918,0.02874627499999995
2011,Upper-middle,Southern Africa,50.39017295749998,22.055183962499974,18.6808704125,2.441928356885909,6.431844294999999
2012,Low,Eastern Africa,24.322573254285697,1.9113835666666652,33.939565112857125,4.246837695439653,36.45938600857137
2012,Low,Middle Africa,20.221066954999948,2.2139771,58.754606245000005,0.9023668766021711,17.907982829999902
2012,Low,Northern Africa,26.2535037999999,0.887573959999999,65.4546890299999,3.11429238319396,4.28994082999999
2012,Low,Southern Africa,19.95905017999995,2.358208415,7.898227695,5.197095988622958,64.587417605
2012,Low,Western Africa,18.909523248749974,1.9303278742857113,48.106608391249964,1.7377928836005043,29.203533052499974
2012,Lower-middle,Eastern Africa,32.122856139999996,3.0531032524999997,36.80212926749995,1.6143283396959265,26.407582994999974
2012,Lower-middle,Middle Africa,30.588190713333265,2.2229265433333336,38.12621498,2.0449347893396985,27.01773293999993
2012,Lower-middle,Northern Africa,38.476768969999924,1.9464545399999975,52.5090293875,5.390741854906062,1.6770053374999998
2012,Lower-middle,Southern Africa,46.449861145999975,8.701111882499948,18.52354068599996,4.667752385139439,24.33150672799998
2012,Lower-middle,Western Africa,30.118824821428557,2.9742104071428557,49.11320985999996,2.7046470556940294,15.089107785714257
2012,Upper-middle,Eastern Africa,76.0003967299999,,18.86534882,,1.77086198
2012,Upper-middle,Middle Africa,52.274414065,4.675457924999995,40.67761325999995,0.9570858180522905,1.4154289499999944
2012,Upper-middle,Northern Africa,72.620601655,0.67869407,26.660544395000002,0.61723119020462,0.07089000000000001
2012,Upper-middle,Southern Africa,51.9473152175,21.8933618525,18.3704420325,2.6357918977737396,5.153088985
2013,Low,Eastern Africa,20.274274288749986,1.8928016528571427,35.01592385624995,3.8166303123746568,39.71404886374999
2013,Low,Middle Africa,24.4470844299999,2.21817061,51.938146595,0.8438833057880355,20.552715064999997
2013,Low,Northern Africa,16.53942871,0.72228569,74.83428192,2.8937177658081,5.01028584999999
2013,Low,Southern Africa,21.406394955000003,1.4835122849999949,7.361503119999995,6.34124875068664,63.40734100499999
2013,Low,Western Africa,18.320510267499987,1.8825200171428542,46.3616247175,2.041159791589229,31.41486680499999
2013,Lower-middle,Eastern Africa,33.503044367499974,3.0800520024999996,37.072149752499996,1.1452702470123741,25.199483632499977
2013,Lower-middle,Middle Africa,31.645765619999967,2.4350590599999964,38.20515314666663,2.0621334910392712,25.6518886866666
2013,Lower-middle,Northern Africa,40.221849919999975,2.364123865,49.71872711249995,5.316697865724548,2.3786013274999998
2013,Lower-middle,Southern Africa,43.87588768199998,8.933050977499999,17.455618475999977,4.6241688728332475,27.82271776199994
2013,Lower-middle,Western Africa,28.510890008571412,2.1525629842857117,49.99089240999998,3.6293765657714325,15.716278075714284
2013,Upper-middle,Eastern Africa,76.47386169,0.09236693,19.06869125,1.20970654487609,3.15537356999999
2013,Upper-middle,Middle Africa,49.676897049999994,3.212296575,45.90638828499995,0.73977106809616,0.464647025
2013,Upper-middle,Northern Africa,71.38064194,0.72481269,27.91296386999995,0.612782537937164,0.0375966799999999
2013,Upper-middle,Southern Africa,52.12099170499995,21.13057923499995,18.36461656999997,2.6881925463676444,5.6956198825
2014,Low,Eastern Africa,21.898684651249987,2.1119486099999984,34.890129804999965,5.529176950454703,36.52520084499996
2014,Low,Middle Africa,22.05612706999995,2.0722406199999948,51.09231758,0.8236605823039981,23.955654145
2014,Low,Northern Africa,25.27283669,0.85548669,67.03178406,3.14610886573791,3.69378376
2014,Low,Southern Africa,25.111717225,1.6517687449999945,9.303673744999944,5.43031680583953,58.50252342
2014,Low,Western Africa,20.024131534999963,2.300912725714284,42.70142292999998,3.5359968968800084,31.84815489999996
2014,Lower-middle,Eastern Africa,34.339462517499975,3.165593997499997,35.844229697499976,1.3195279673091131,25.3311858175
2014,Lower-middle,Middle Africa,32.30339559,2.059008143333333,38.404269219999996,2.2067627906799268,25.02656427666666
2014,Lower-middle,Northern Africa,40.63190412499998,3.239798085,47.4758005125,5.467668890953045,3.184828465
2014,Lower-middle,Southern Africa,46.62024764999996,9.220135434999975,18.05367374599998,4.85655045509338,24.064730071999982
2014,Lower-middle,Western Africa,26.445950779999958,2.0682764528571425,49.853741508571396,4.702714528356266,16.929316794285686
2014,Upper-middle,Eastern Africa,71.77159119,,27.4764843,,0.467720989999999
2014,Upper-middle,Middle Africa,47.364410405,5.2422546,46.02562236999995,0.7583421468734735,0.6093704799999995
2014,Upper-middle,Northern Africa,68.182674405,0.69941652,31.094786645,0.564827919006347,0.090414955
2014,Upper-middle,Southern Africa,56.9923563,19.520404039999974,17.14955211,2.296528086066246,4.04115946
2015,Low,Eastern Africa,23.334616243749963,1.6734975328571429,32.82882475874996,5.787458939533969,37.30822229249999
2015,Low,Middle Africa,15.159542559999995,2.045247659999995,52.75046157999995,0.8115738779306375,29.233174325
2015,Low,Northern Africa,14.1944427499999,1.04808891,79.40106964,3.33593082427978,2.02046776
2015,Low,Southern Africa,27.840067864999952,1.822447315,11.12169122499995,5.1234073638916,54.092386245
2015,Low,Western Africa,17.813485324999963,2.619843069999998,45.0108144275,3.9304129225867093,31.069052935
2015,Lower-middle,Eastern Africa,33.99324583749998,3.7932507399999973,36.68810939749998,1.6825395259074858,23.8428544975
2015,Lower-middle,Middle Africa,28.596881229999997,2.2160803799999997,40.770404179999964,2.1237347523371333,26.292899449999965
2015,Lower-middle,Northern Africa,40.6235389725,3.6651981025,48.79954433499995,4.42129188776015,2.4904267425
2015,Lower-middle,Southern Africa,43.57463645999998,11.5221612,19.54852180599994,4.661474645137769,23.929933167999955
2015,Lower-middle,Western Africa,28.001313959999944,2.747207095714284,47.08771841999995,5.9751415933881376,16.188619001428556
2015,Upper-middle,Eastern Africa,73.5321807899999,,26.0724754299999,,0.352100549999999
2015,Upper-middle,Middle Africa,44.5811405149999,6.73725574999995,47.026079175,0.9081476032733891,0.7473769499999996
2015,Upper-middle,Northern Africa,68.884967805,0.739311699999999,30.455450059999997,0.537971079349517,0.02094159999999995
2015,Upper-middle,Southern Africa,55.13782691749995,21.891976592499972,16.555021999999997,2.161750018596645,4.2534244649999975
2016,Low,Eastern Africa,22.500674068749976,1.75536630285714,35.24866080249995,5.0374751431601315,36.30692887499999
2016,Low,Middle Africa,14.1931157099999,2.119250384999995,55.177812575,0.7633880674839015,27.746433255
2016,Low,Northern Africa,22.69012833,0.93964905,71.1858901999999,3.22271513938903,1.96161722999999
2016,Low,Southern Africa,24.30706882499995,1.97427039,11.47702550499995,5.813258171081535,56.428377149999946
2016,Low,Western Africa,22.26357364749996,1.9996176049999987,46.82504582374996,2.5691190212964963,26.34264385749995
2016,Lower-middle,Eastern Africa,36.06305027,3.7436455174999996,35.334612844999995,1.7958880960941292,23.0628032675
2016,Lower-middle,Middle Africa,30.855813346666665,4.075749389999997,43.8526433333333,1.9556616147359165,19.260132309999996
2016,Lower-middle,Northern Africa,40.5975766175,3.7170559475,50.83603000499993,3.786517709493617,1.0628197349999997
2016,Lower-middle,Southern Africa,40.788641356,11.074457747499974,19.684128952,5.404539823532104,26.34403118999996
2016,Lower-middle,Western Africa,28.23866721571426,2.755615328571428,47.44973863714284,5.250718397753556,16.305260387142816
2016,Upper-middle,Eastern Africa,69.14846802,0.74439502,25.30701828,0.882920503616333,3.91719817999999
2016,Upper-middle,Middle Africa,46.90663623999995,5.50928466,45.82062053499995,0.9576205462217285,0.8058380499999995
2016,Upper-middle,Northern Africa,66.59738159,0.80547488,32.694814684999955,0.568415403366088,0.02086068
2016,Upper-middle,Southern Africa,57.26679897499995,20.90686285499995,16.24146807,1.8583012819290148,3.7265688074999974
2017,Low,Eastern Africa,21.552323447777756,2.0250241524999986,31.905466819999965,2.6652893190487603,42.373042003333325
2017,Low,Middle Africa,12.956829069999952,2.381191014999995,58.147579189999945,0.827288866043088,25.687111854999998
2017,Low,Northern Africa,18.02452278,0.98805088,72.54642487,3.06093072891235,5.38007068999999
2017,Low,Southern Africa,22.45938873,2.212569725,11.190669535000001,3.152668952941894,60.98470306499995
2017,Low,Western Africa,23.464153946249972,2.31259317875,46.54263377249996,2.39582428336143,25.284794807499974
2017,Lower-middle,Eastern Africa,35.17200064749997,4.093975884999997,33.60736322499995,0.5427211662754413,26.58393907749995
2017,Lower-middle,Middle Africa,29.373332819999998,4.375144786666663,46.26981258666667,2.09880971908569,17.88290007666667
2017,Lower-middle,Northern Africa,40.094124317499976,3.7318744375,49.73673248,4.5502119436859925,1.8870569375
2017,Lower-middle,Southern Africa,46.39993667599998,11.056963414999998,16.31947974999996,4.929268598556506,24.49159832
2017,Lower-middle,Western Africa,31.346488952857072,3.3119988528571427,47.835279737142834,4.064804307052045,13.441428149999998
2017,Upper-middle,Eastern Africa,73.0444412199999,0.70098597,24.59942627,1.06703603267669,0.58811045
2017,Upper-middle,Middle Africa,45.447868344999954,4.927265074999994,47.87683296,0.9940709173679305,0.753962695
2017,Upper-middle,Northern Africa,65.40745163,0.83099163,33.859209059999955,0.573820412158966,0.03093502
2017,Upper-middle,Southern Africa,59.5983076075,18.5617244225,16.007604715,1.371306508779522,4.4610567549999995
2018,Low,Eastern Africa,19.916225381111076,2.3271140687499976,33.373233158888866,2.8518678545951825,42.10700225777777
2018,Low,Middle Africa,10.24722028,0.50621897,53.024410245,0.864440649747848,35.357709885
2018,Low,Northern Africa,23.28133202,2.15964222,66.9533996599999,1.19972467422485,6.40590143
2018,Low,Southern Africa,23.462514875,2.5135499349999995,11.063715455,3.044907808303828,59.915311814999995
2018,Low,Western Africa,23.646000264999987,2.3090444037499975,46.61738252624996,2.9923780933022464,24.43519473125
2018,Lower-middle,Eastern Africa,37.31306171249997,3.370295105,34.57750177499997,1.061795414425431,23.677345992499973
2018,Lower-middle,Middle Africa,29.787814460000003,3.395797313333327,46.112044649999966,1.7118243376413937,18.992519216666633
2018,Lower-middle,Northern Africa,38.08608293499992,3.3027732325,54.11521243999998,3.6007620096206625,0.8951694599999998
2018,Lower-middle,Southern Africa,43.450363921999994,11.569444917499972,15.99322014,4.014269322156883,28.089444734
2018,Lower-middle,Western Africa,32.51005554285711,3.1062760328571426,48.63597897142853,3.239359991891033,12.508329492857127
2018,Upper-middle,Eastern Africa,71.6450500499999,0.746791009999999,26.20684624,0.98951256275177,0.41180012
2018,Upper-middle,Middle Africa,43.24487781499995,6.36446369999995,46.606637,2.6087339371442795,1.175287604999995
2018,Upper-middle,Northern Africa,68.17493057,0.82675421,31.002511025,0.57523238658905,0.1215647249999995
2018,Upper-middle,Southern Africa,57.44894790749993,21.042121767499975,16.41390574249997,0.5661876788362846,4.528836907499997
2019,Low,Eastern Africa,18.86458211555552,2.4102386399999975,34.96910317555553,3.179781459271904,41.197408039999964
2019,Low,Middle Africa,12.86136006999995,0.6084173349999995,62.13082313499995,0.8998905718326544,23.49950885999995
2019,Low,Northern Africa,22.5528335599999,2.17739271999999,67.5037078899999,1.20958256721496,6.55648326999999
2019,Low,Southern Africa,23.58915043,4.744820224999995,10.78211212,2.9743809700012185,57.90953635999995
2019,Low,Western Africa,24.866795002499973,2.0901910962499985,46.94348979,5.997053571045395,20.102470637499962
2019,Lower-middle,Eastern Africa,38.96584653749997,3.5817117399999967,34.02765464749995,0.9232888519763918,22.5014982225
2019,Lower-middle,Middle Africa,31.904673259999964,2.9860520999999935,43.7840220133333,1.1919957002003954,20.133256913333334
2019,Lower-middle,Northern Africa,40.8339180925,3.1702799249999973,51.23348903749998,3.5186641663312845,1.2436487374999998
2019,Lower-middle,Southern Africa,35.30040569399996,8.167307104999999,13.197864723999976,3.950364857912038,41.80759196399996
2019,Lower-middle,Western Africa,33.56484345142851,3.1909106957142828,46.476938519999976,3.823416241577682,12.943891115714242
2019,Upper-middle,Eastern Africa,71.5357132,0.748731019999999,26.2749252299999,1.44063055515289,0.0
2019,Upper-middle,Middle Africa,42.42969799,5.7585066849999995,48.43076419499995,2.696155577898022,0.6848756049999996
2019,Upper-middle,Northern Africa,65.88441086,0.928596909999999,32.970144274999996,0.630434334278106,0.36593068500000003
2019,Upper-middle,Southern Africa,58.27346801749992,19.91660141999995,16.2225649375,0.5541537702083572,5.033211844999998
2020,Low,Eastern Africa,19.887393104444424,2.216191128749997,32.93814606111109,2.7168665667995797,42.78952089888886
2020,Low,Middle Africa,13.135081289999999,0.708528515,59.71839142,0.448508262634277,25.98949051
2020,Low,Northern Africa,34.17627716,2.41586494,52.96360779,3.54708814620971,6.89716196
2020,Low,Southern Africa,26.933305739999952,5.004731075,11.40711164499995,3.097070217132564,53.55778121999995
2020,Low,Western Africa,27.54447555624995,1.4570131412499987,48.52810335374996,3.1258762478828386,19.34453165499996
2020,Lower-middle,Eastern Africa,36.305930134999954,3.432831197499997,36.551244257499974,0.7856880128383613,22.924306394999974
2020,Lower-middle,Middle Africa,32.663189566666595,2.14883494,36.304886499999895,6.391646782557153,22.491442039999967
2020,Lower-middle,Northern Africa,42.26704502,2.3189672425,49.418956754999975,4.048857033252712,1.9461739224999977
2020,Lower-middle,Southern Africa,45.51172599799998,7.037869174999975,14.891189193999981,4.501476675271985,30.36560840799998
2020,Lower-middle,Western Africa,34.977909631428524,3.0315305671428554,43.8284705042857,3.800374066191046,14.361715317142856
2020,Upper-middle,Eastern Africa,76.69721222,0.61548889,21.5991115599999,0.748790621757507,0.33939669
2020,Upper-middle,Middle Africa,41.518408774999955,5.100365249999995,45.47002696999995,2.193685501813885,5.7175135
2020,Upper-middle,Northern Africa,68.67708015,0.970716179999999,30.3922987,0.607430875301361,0.1415487
2020,Upper-middle,Southern Africa,63.59687518999995,17.8791097425,15.48355126499997,0.3882330045271369,2.6522308075
2021,Low,Eastern Africa,22.786092441111066,3.126435123749984,31.947827019999977,2.278366603105504,40.46181254777777
2021,Low,Middle Africa,16.17639970999995,0.46573255999999996,59.527645109999995,0.339398398995399,23.490824224999997
2021,Low,Northern Africa,26.06090164,2.49878836,58.2450675999999,3.16609334945678,10.02914906
2021,Low,Southern Africa,22.265530589999997,4.606894120000001,10.491547584999996,2.7164263725280735,59.91960143999995
2021,Low,Western Africa,25.267648816249974,1.8500939174999975,49.81538486499996,3.0676207304932133,19.999251721249973
2021,Lower-middle,Eastern Africa,29.335071325,3.3408278675,32.74699830999995,0.7189372312277533,33.858165264999975
2021,Lower-middle,Middle Africa,34.60946528333333,2.05347764,35.291259446666636,6.18044523398081,21.86535247333333
2021,Lower-middle,Northern Africa,43.66536712749998,2.6211973749999977,45.52625274749995,4.260200172662725,3.926982567499998
2021,Lower-middle,Southern Africa,44.24527663999998,6.452005489999975,13.503555011999975,4.431529179215428,33.544341277999976
2021,Lower-middle,Western Africa,33.73003836999998,3.25099353142857,44.261163711428544,3.3024771724428397,15.455327204285672
2021,Upper-middle,Eastern Africa,71.44548035,0.76789725,26.9475193,0.839103102684021,0.0
2021,Upper-middle,Middle Africa,45.92603874499995,5.36472318999995,43.22991943,2.6360013633966433,2.843317269999995
2021,Upper-middle,Northern Africa,65.540237425,0.9917351,32.44639110499995,0.679857552051544,1.1775762099999945
2021,Upper-middle,Southern Africa,63.676060675,17.451286077499997,14.643230674999995,0.3597575464882535,3.8696650274999977
2022,Low,Eastern Africa,21.91254425,3.0934965824999985,33.56895520888886,2.3032406190974766,39.72140079111111
2022,Low,Middle Africa,18.645791055,0.43968321,52.91058159,0.37012265622615803,27.633821485
2022,Low,Northern Africa,21.7658519699999,1.82371806999999,42.50963211,2.31074428558349,31.59005356
2022,Low,Southern Africa,20.4922728549999,5.01827395,11.49411821499995,2.8607618808746325,60.134572985
2022,Low,Western Africa,25.222042202499985,1.8618270212499977,51.32109713624996,2.9556833356618855,18.639350264999997
2022,Lower-middle,Eastern Africa,32.570061445,3.3279110199999975,31.13492154999995,0.676222921349108,32.290883064999946
2022,Lower-middle,Middle Africa,29.971751529999995,2.18109711333333,36.63031451,7.484006245930971,23.7328306833333
2022,Lower-middle,Northern Africa,43.84745311749995,2.6080933225000003,43.0693206775,3.2703633904457066,7.204769467499995
2022,Lower-middle,Southern Africa,44.78877296399998,6.4601639075,14.15367240799994,4.3642236590385375,32.39804448799992
2022,Lower-middle,Western Africa,33.744008337142816,3.3061146471428557,43.68760599428567,3.5423443828310246,15.71992669714284
2022,Upper-middle,Eastern Africa,68.1877975499999,0.853876949999999,29.9647712699999,0.993554234504699,0.0
2022,Upper-middle,Middle Africa,47.89299201999995,4.474412559999999,42.31748389999996,2.5577288866043077,2.757382634999995
2022,Upper-middle,Northern Africa,56.796094895,1.22750186999999,40.989826205,0.936239063739776,1.1322095549999995
2022,Upper-middle,Southern Africa,60.04877376499998,18.26822245,15.668009994999997,0.4002426281003852,5.61475116
2023,Low,Eastern Africa,21.617778035555546,3.0088120237499987,30.98064056999999,2.104712248314168,42.85622660333331
2023,Low,Middle Africa,19.80545281999995,0.40559369499999953,48.3510952,0.3209854960441585,31.11687278499995
2023,Low,Northern Africa,20.74396706,2.46108889999999,57.3663139299999,3.11832356452941,16.31030655
2023,Low,Southern Africa,19.63773202499995,4.78909485,11.1867671,2.778697967529292,61.607707979999944
2023,Low,Western Africa,23.03309965124995,2.15154329375,52.49036693499996,3.4695996702648673,18.85539048874995
2023,Lower-middle,Eastern Africa,33.897387977499974,3.4976902149999995,34.396275519999925,0.7414564918726678,27.4671897875
2023,Lower-middle,Middle Africa,28.5510339733333,2.2316427933333336,37.42834345333333,7.292233228683469,24.496746383333335
2023,Lower-middle,Northern Africa,44.25671100499997,2.6371432249999947,44.04072666249998,2.389790832996363,6.6756283049999725
2023,Lower-middle,Southern Africa,41.33262252799998,7.149038715,15.53675479999998,4.523147895932194,33.79287309399997
2023,Lower-middle,Western Africa,34.43450941285713,3.0508360028571397,42.49452781571426,3.44929710456303,16.570829665714285
2023,Upper-middle,Eastern Africa,70.26874542,0.7967326,27.9594249699999,0.975097000598907,0.0
2023,Upper-middle,Middle Africa,48.96826743999995,4.296715049999994,41.6273584399999,2.3634633719921068,2.7441956999999997
2023,Upper-middle,Northern Africa,66.611877445,1.10193622,32.089372635000004,0.783786594867706,0.35588801999999997
2023,Upper-middle,Southern Africa,59.97826194749997,18.200569034999972,15.921427489999976,0.4143583185068541,5.485383212499995
